category,stock_code,name,sale_price,original_price,savings,dietary_category,dietary_confidence,key_ingredient
Bakery,6044304,35hr Sourdough Baguette Pk 2#,3.5,4.0,0.5,Grains (Wholegrain),0.5871967077255249,sourdough
Bakery,459672,Woolworths Australian Baked Mixed Berry Mince Pies Pk 6,6.0,6.0,0.0,Grains (Wholegrain),0.5996192693710327,berry pie
Bakery,463934,Woolworths Australian Baked Fruit Mince Pies Pk 6,6.0,6.0,0.0,Grains (Wholegrain),0.6315369009971619,fruit mince pie
Bakery,6021067,Woolworths Chocolate Hazelnut Tarts Pk 6,7.5,7.5,0.0,Discretionary,0.7373642325401306,hazelnut tart
Bakery,6021900,Woolworths Caramelised Biscuit Tarts Pk 6,7.5,7.5,0.0,Discretionary,0.5966252684593201,biscuit tart
Bakery,605303,Woolworths Chocolate Sponge Pudding 500g,8.0,8.0,0.0,Discretionary,0.707261323928833,chocolate sponge
Bakery,272722,Woolworths Iced Fruit Cake Slices Pk 5,9.5,9.5,0.0,Discretionary,0.7343512177467346,fruit cake
Bakery,46795,Tip Top English Muffin Varieties Pk 6,3.2,6.4,3.2,Grains (Wholegrain),0.505608320236206,english muffin
Bakery,159266,National Pies Varieties 360g Pk 2 – From the Fridge,6.8,8.5,1.7,Dairy (Reduced Fat),0.5324668884277344,pie
Bakery,353532,Cheese & Bacon Rolls Pk 4#,4.3,4.8,0.5,Dairy (Reduced Fat),0.732146143913269,cheese bacon roll
Bakery,320194,Mission Wraps Varieties 425-567g Pk 6-8,4.5,5.5,1.0,Grains (Wholegrain),0.4867774546146393,wrap
Bakery,306663,Woolworths Chocolate Chunk or Salted Caramel White Chocolate Cookie Pk 5#,6.0,6.5,0.5,Discretionary,0.8112502098083496,cookie
Bakery,6029974,Woolworths Gold Dubai Pistachio Tarts Pk 6,12.0,12.0,0.0,Discretionary,0.4627818763256073,pistachio
Bakery,328164,Woolworths Gold Roasted Almond Shortbread 500g,19.0,19.0,0.0,Grains (Wholegrain),0.589982271194458,almond
Bakery,118177,Woolworths Loaded Muffins Varieties Pk 4,7.7,8.2,0.5,Grains (Wholegrain),0.5847420692443848,muffin
Bakery,7413,Golden Crumpet Squares 425g Pk 6,3.5,5.0,1.5,Discretionary,0.45069700479507446,crumpet
Bakery,733768,Apple Turnover with Fresh Cream#,4.5,5.0,0.5,Fruit,0.5534272789955139,apple
Bakery,33878,Bread Roll Varieties Pk 6# – Excludes Jumbo & Brioche Roll Varieties,3.0,3.0,0.0,Grains (Wholegrain),0.7329962849617004,bread roll
Bakery,55656,Bread Loaf Varieties 650-700g#,3.0,3.0,0.0,Grains (Wholegrain),0.7731837630271912,bread
Bakery,6024445,Woolworths Large White Wraps 560g Pk 8,4.0,4.0,0.0,Grains (Wholegrain),0.42483022809028625,wrap
Bakery,328822,Woolworths Banana Bread Slices Pk 5,6.15,6.15,0.0,Grains (Wholegrain),0.7552271485328674,banana
Bakery,260722,Woolworths Double Unfilled Sponge 460g,6.8,6.8,0.0,Discretionary,0.42082950472831726,sponge cake
Baking,37736,CSR Dark Brown Sugar 1 kg,4.6,4.6,0.0,Dairy (Reduced Fat),0.5309998989105225,sugar
Baking,386241,Green’s Christmas Shortbread Cookie Mix 400g,6.0,6.0,0.0,Discretionary,0.6983535289764404,shortbread
Baking,179239,Green’s Gingerbread Cookie Mix 515g,6.0,6.0,0.0,Discretionary,0.6723610758781433,gingerbread
Baking,,Dollar Sweets Winter Wonderland Icing Decor 10g Pk 12,5.0,5.0,0.0,Discretionary,0.5682005286216736,icing
Baking,,Dollar Sweets Gingerbread Icing 210g,6.0,6.0,0.0,Discretionary,0.68474942445755,gingerbread
Baking,,Nestlé Bakers Choice Smarties 150g,5.0,5.0,0.0,Discretionary,0.5665220022201538,smarties
Baking,,Dollar Sweets Christmas Sprinkles 120g,5.0,5.0,0.0,Discretionary,0.6489443182945251,sprinkle
Baking,,Dollar Sweets Cookie Icing White & Red 450g Pk 2,8.0,8.0,0.0,Discretionary,0.6378135681152344,cookie icing
Biscuits & Snacks,956027,Sakata Rice Crackers 80-90g,1.25,2.5,1.25,Grains (Wholegrain),0.7403405904769897,rice cracker
Biscuits & Snacks,139762,Red Rock Deli Deli Style Crackers 135g,2.5,5.0,2.5,Discretionary,0.6312795877456665,cracker
Biscuits & Snacks,340561,Woolworths Corn Chips 175g,2.2,4.5,2.3,Discretionary,0.7320034503936768,corn
Biscuits & Snacks,725820,Woolworths Crinkle Cut Potato Chips 175g,2.2,4.5,2.3,Discretionary,0.7436810731887817,potato
Biscuits & Snacks,463934,Woolworths Australian Baked Fruit Mince Pies Pk 6,6.0,6.0,0.0,Discretionary,0.7234679460525513,fruit mince pie
Biscuits & Snacks,6034225,Oreo Bon Bon 131g,2.75,5.5,2.75,Discretionary,0.6139607429504395,cookie
Biscuits & Snacks,318506,Oreo or Oreo Double Stuff Cookies 128-131g,1.5,3.0,1.5,Discretionary,0.7920803427696228,cookie
Biscuits & Snacks,261282,Ritz Crackers 227g,1.75,3.5,1.75,Discretionary,0.7400855422019958,cracker
Biscuits & Snacks,82361,Sunbites Grain Waves 170g,2.5,5.0,2.5,Grains (Wholegrain),0.6787409782409668,grain
Biscuits & Snacks,479502,Pringles Potato Chips 118-134g,2.75,5.5,2.75,Discretionary,0.7709391117095947,potato chip
Biscuits & Snacks,71929,Infuzions Air Fries 90g – From the Health Food Aisle,2.45,4.9,2.45,Lean Meat & Alternatives,0.5452522039413452,potato
Biscuits & Snacks,306663,Woolworths Chocolate Chunk or Salted Caramel White Chocolate Cookie Pk 5#,6.0,6.5,0.5,Discretionary,0.8624483346939087,cookie
Biscuits & Snacks,317455,Oreo Mini Cookies Multipack 204g Pk 10,3.0,5.0,2.0,Discretionary,0.8272687792778015,cookie
Biscuits & Snacks,248205,Uncle Tobys Le Snak 132g Pk 6,3.3,5.5,2.2,Discretionary,0.6147876381874084,cracker
Biscuits & Snacks,57855,Vege Chips or Crackers Multipack 180-250g Pk 12 – From the Health Food Aisle,7.6,9.5,1.9,Discretionary,0.6415904760360718,vegetable
Biscuits & Snacks,234560,Kettle or Kettle Crafted Potato Chips 150-165g – Excludes Kettle Ridge Cut Potato Chips 165g,3.0,6.0,3.0,Discretionary,0.6767323017120361,potato chip
Biscuits & Snacks,629091,Cadbury Chocolate Coated Fruit or Nut Varieties 270-340g,6.5,13.0,6.5,Discretionary,0.826230525970459,fruit or nut
Breakfast Foods,199725,Kellogg’s Nutri Grain 765g or Coco Pops Cereal 650g,6.0,10.8,4.8,Grains (Wholegrain),0.7037394046783447,grain
Breakfast Foods,827576,Uncle Tobys Oat Crisp Cereal 415-475g,3.0,6.0,3.0,Grains (Wholegrain),0.7267404198646545,oat
Breakfast Foods,329104,Uncle Tobys Fruity Bites Wildberry Cereal 500g,3.25,6.5,3.25,Grains (Wholegrain),0.6319109797477722,cereal
Breakfast Foods,202915,Kellogg’s Crunchy Nut Corn Flakes 640g or Froot Loops Cereal 460g,6.0,10.0,4.0,Grains (Wholegrain),0.7651737332344055,corn flake
Breakfast Foods,248205,Uncle Tobys Le Snak 132g Pk 6,3.3,5.5,2.2,Grains (Wholegrain),0.5113705396652222,cheese
Breakfast Foods,553342,Sunsol Natural Muesli 500g,4.5,7.6,3.1,Grains (Wholegrain),0.5480107069015503,muesli
Breakfast Foods,6030841,Kellogg’s High Protein Granola 450g,7.2,9.0,1.8,Dairy (Reduced Fat),0.6160441637039185,granola
Breakfast Foods,23088,Sanitarium UP&GO Liquid Breakfast Drink 3 x 250ml,4.9,7.0,2.1,Dairy (Reduced Fat),0.622620701789856,milk
Canned & Packet food,666347,Woolworths Antipasto Varieties 110-135g – From the Deli,6.5,7.5,1.0,Grains (Wholegrain),0.5625590682029724,antipasto
Canned & Packet food,335122,Always Fresh Olives 240g,4.8,10.8,6.0,Vegetables & Legumes,0.6588294506072998,olive
Canned & Packet food,132259,Woolworths Crumbed Chicken Breast Nuggets 1 kg – From the Freezer,9.0,19.0,10.0,Lean Meat & Alternatives,0.6693265438079834,chicken
Canned & Packet food,969895,"Ingham’s Chicken Nuggets, Tenders or Dino Nuggets 1.5 kg – From the Freezer",15.0,31.5,16.5,Lean Meat & Alternatives,0.6494119763374329,chicken nugget
Canned & Packet food,668740,Nongshim Noodle Cup 68g,1.25,2.5,1.25,Grains (Wholegrain),0.6292752623558044,noodle
Canned & Packet food,75816,SunRice Medium Grain Rice 10 kg,19.0,38.0,19.0,Grains (Wholegrain),0.6887006759643555,rice
Canned & Packet food,6034016,Zeus Street Greek Meal Kits 370-420g,7.0,10.0,3.0,Lean Meat & Alternatives,0.5379511713981628,greek meal kit
Canned & Packet food,972463,Zeus Spanakopita Spinach & Cheese 800g – From the Freezer,9.0,10.0,1.0,Dairy (Reduced Fat),0.7203025221824646,spinach
Canned & Packet food,,Woolworths x Zeus Street Greek Hot Roast Chicken – From the Deli,14.5,14.5,0.0,Lean Meat & Alternatives,0.6645081043243408,chicken
Canned & Packet food,10634,Latina Fresh Filled Pasta Varieties 375g – From the Fridge,6.5,8.0,1.5,Lean Meat & Alternatives,0.6194555759429932,pasta
Canned & Packet food,60974,My Muscle Chef Varieties 300-450g – From the Fridge,9.95,11.95,2.0,Lean Meat & Alternatives,0.6162061095237732,"there is no clear main food ingredient mentioned in this product name. the description ""my muscle chef"
Canned & Packet food,691284,Birds Eye Deli Fish or Snacking Varieties 250g,6.6,11.0,4.4,Lean Meat & Alternatives,0.7120911478996277,fish
Canned & Packet food,296709,On The Menu Meals 400g,4.8,6.0,1.2,Lean Meat & Alternatives,0.6052218675613403,meal
Canned & Packet food,329998,Herbert Adams Pies 400-420g Pk 2,6.9,10.0,3.1,Lean Meat & Alternatives,0.5775099992752075,beef pie
Canned & Packet food,93383,Barilla Pasta 500g,2.8,3.5,0.7,Grains (Wholegrain),0.6539837718009949,pasta
Canned & Packet food,856815,Leggo’s Passata 700g,3.4,4.3,0.9,Lean Meat & Alternatives,0.5677400231361389,tomato
Canned & Packet food,6047450,Continental Pasta Side Dish Family Pack 145g,2.25,3.8,1.55,Lean Meat & Alternatives,0.6735881567001343,pasta
Canned & Packet food,,Your Condiment Co Baked Beans 420g,1.3,2.8,1.5,Vegetables & Legumes,0.7041639089584351,bean
Canned & Packet food,340411,John West Tuna 95g,1.45,2.9,1.45,Lean Meat & Alternatives,0.6351785659790039,tuna
Canned & Packet food,260900,McCain Pub Style Chips or Wedges 750g – From the Freezer,4.8,6.0,1.2,Lean Meat & Alternatives,0.60173100233078,potato
Canned & Packet food,54002,McCain Pub Size Meals 480-500g – From the Freezer,7.5,9.5,2.0,Lean Meat & Alternatives,0.5713478326797485,"the product description doesn't specify a specific food ingredient, so i cannot confidently extract a main ingredient"
Condiments,923892,Obela Dips 220g – From the Fridge,4.0,5.0,1.0,Dairy (Reduced Fat),0.4487169682979584,dip
Condiments,312793,South Cape Cream Cheese Varieties 200g – From the Deli,5.9,12.4,6.5,Dairy (Reduced Fat),0.6581142544746399,cream cheese
Condiments,945633,Your Condiment Co Seafood or Tartare Sauce 250ml,3.0,3.0,0.0,Lean Meat & Alternatives,0.6651493310928345,seafood
Condiments,237378,Your Condiment Co Dijon Mustard 200g,2.6,5.5,2.9,Vegetables & Legumes,0.5357426404953003,mustard
Condiments,6021793,"Woolworths Orange, Honey & Mustard Glaze 150g",4.0,4.0,0.0,Dairy (Reduced Fat),0.5430039167404175,honey mustard
Condiments,230513,Woolworths Cranberry Sauce 275g,2.9,2.9,0.0,Dairy (Reduced Fat),0.5711368918418884,cranberry
Condiments,6035322,Heinz Fried Chicken Sauce 295ml,3.6,4.8,1.2,Lean Meat & Alternatives,0.7286612391471863,chicken
Condiments,230514,Woolworths Apple Sauce 370g,2.0,2.0,0.0,Fruit,0.5593405961990356,apple
Condiments,311121,Woolworths Salsa 300g,1.9,3.9,2.0,Vegetables & Legumes,0.4041512608528137,salsa
Condiments,230519,Woolworths Tomato or Barbecue Sauce 500ml,2.0,4.1,2.1,Vegetables & Legumes,0.6257362365722656,tomato
Condiments,529030,Hellmann’s Mayonnaise 400g,3.75,7.5,3.75,Dairy (Reduced Fat),0.5734168887138367,mayonnaise
Condiments,6034011,Zeus Street Greek Aioli 240g,4.2,6.0,1.8,Dairy (Reduced Fat),0.3446228802204132,aioli
Condiments,6033895,Zeus Street Greek Dressing 250ml,4.8,6.0,1.2,Dairy (Reduced Fat),0.39745593070983887,greek dressing
Condiments,99633,MasterFoods Tomato or Barbecue Sauce 475-500ml,2.1,4.2,2.1,Lean Meat & Alternatives,0.6153458952903748,tomato sauce
Confectionery,320104,Cadbury Medium Bars 30-55g,1.2,3.0,1.8,Discretionary,0.5936382412910461,chocolate
Confectionery,497322,Cadbury Advent Calendar 90g,4.5,9.0,4.5,Discretionary,0.4252743124961853,chocolate
Confectionery,275375,Woolworths Party Mix or Snakes 500g,3.45,7.300000000000001,3.85,Discretionary,0.41617798805236816,snake
Confectionery,6031031,Cadbury Favourites 264-265g,7.0,14.0,7.0,Discretionary,0.4473719596862793,chocolate
Confectionery,909278,Darrell Lea Christmas Rocklea Road 290g,9.0,18.0,9.0,Discretionary,0.2977369725704193,marshmallow
Confectionery,383096,Toblerone Pralines 180g,9.0,18.0,9.0,Discretionary,0.5536129474639893,praline
Confectionery,914275,Lindt Lindor Advent Calendar 109g,10.0,15.0,5.0,Discretionary,0.34516897797584534,chocolate
Confectionery,6029333,Cadbury Roses Tin 485g,15.0,30.0,15.0,Discretionary,0.5858357548713684,chocolate
Confectionery,162021,Cadbury 3D Christmas Advent Calendar 312g,15.0,20.0,5.0,Discretionary,0.4626694321632385,chocolate
Confectionery,222125,Lindt Teddy Advent Calendar 170g,20.0,30.0,10.0,Discretionary,0.42823177576065063,chocolate
Confectionery,347863,Skittles 120-200g,3.0,6.0,3.0,Discretionary,0.5362393856048584,sugar
Confectionery,6006785,Darrell Lea Blocks 160-180g,3.5,7.0,3.5,Discretionary,0.2624901235103607,chocolate
Confectionery,629091,Cadbury Chocolate Coated Fruit or Nut Varieties 270-340g,6.5,13.0,6.5,Discretionary,0.7602130770683289,fruit or nut
Confectionery,633063,Cadbury Cake Bars or Mini Rolls Varieties Pk 5,4.5,6.5,2.0,Discretionary,0.7449222803115845,cake
"Cooking, Seasoning & Gravy",6049885,Maggi Gravy 1 kg,12.5,12.5,0.0,Vegetables & Legumes,0.49172094464302063,gravy
"Cooking, Seasoning & Gravy",135496,"Farmers Harvest Canola, Vegetable or Sunflower Oil 4 Litre",15.0,30.0,15.0,Vegetables & Legumes,0.6955091953277588,oil
"Cooking, Seasoning & Gravy",6033659,Zeus Street Greek Seasoning 25-30g,2.8,3.5,0.7,Dairy (Reduced Fat),0.4462485611438751,seasoning
"Cooking, Seasoning & Gravy",280403,Mutti Sugo Semplice Pasta Sauce 400g,2.7,4.5,1.8,Grains (Wholegrain),0.5578920841217041,tomato
"Cooking, Seasoning & Gravy",663195,Monini Extra Virgin Olive Oil 750ml,13.2,22.0,8.8,Dairy (Reduced Fat),0.530254602432251,olive oil
"Cooking, Seasoning & Gravy",286223,La Gina Extra Virgin or Classic Olive Oil 4 Litre,45.0,100.0,55.0,Dairy (Reduced Fat),0.5328236222267151,olive oil
Dairy,6576,King Island Brie or Camembert Varieties 175-200g – From the Deli,9.9,14.9,5.0,Dairy (Reduced Fat),0.605548083782196,brie camembert
Dairy,302096,Mersey Valley Cheddar Varieties 180g – From the Deli,6.2,8.7,2.5,Dairy (Reduced Fat),0.6088322997093201,cheddar cheese
Dairy,452083,Woolworths Fetta Varieties 200g – From the Fridge,3.2,6.7,3.5,Dairy (Reduced Fat),0.5361225605010986,fetta
Dairy,105609,Woolworths Sour Cream 300ml – From the Fridge,3.3,6.699999999999999,3.4,Dairy (Reduced Fat),0.7473428249359131,cream
Dairy,491820,Hillview Tasty Shredded Cheese 700g – From the Fridge,9.5,19.5,10.0,Dairy (Reduced Fat),0.7571139335632324,cheese
Dairy,249137,Dare Iced Coffee 500ml – From the Fridge,2.95,4.25,1.3,Dairy (Reduced Fat),0.6322182416915894,coffee
Dairy,6002881,Farmers Union Gut Good Yogurt 160g,1.6,2.7,1.1,Dairy (Reduced Fat),0.6537774801254272,greek yogurt
Dairy,122681,Dairy Farmers Yoghurt 4 x 110g,3.3,5.5,2.2,Dairy (Reduced Fat),0.7240403890609741,yogurt
Dairy,387461,Yoplait YOP Yoghurt Pouch 130g,6.5,10.0,3.5,Dairy (Reduced Fat),0.5899338126182556,yogurt
Dairy,41421,Devondale Butter Block 500g,7.5,8.5,1.0,Dairy (Reduced Fat),0.7710816860198975,butter
Dairy,926531,Chobani Greek Yogurt Pouch 140g,1.85,2.7,0.85,Dairy (Reduced Fat),0.7454900145530701,greek yogurt
Dairy,40709,"Bega Block, Grated or Sliced Cheese 250g – Excludes Lactose Free",6.0,7.5,1.5,Dairy (Reduced Fat),0.773931622505188,cheese
Dairy,663177,Farmers Union Greek Yogurt Pouches 130g – From the Fridge,8.5,12.5,4.0,Dairy (Reduced Fat),0.6201714277267456,greek yogurt
Dairy,105785,YoPRO Perform High Protein Yoghurt Pouch 175g – From the Fridge,2.95,3.7,0.75,Dairy (Reduced Fat),0.6112805008888245,yogurt
Dairy,727161,Oak Flavoured Milk 750ml – From the Fridge,3.9,5.2,1.3,Dairy (Reduced Fat),0.7193442583084106,milk
Dairy,266707,Gippsland Dairy Twist Yogurt 700g – From the Fridge,6.3,7.9,1.6,Dairy (Reduced Fat),0.7405960559844971,yogurt
Deli & Chilled,923892,Obela Dips 220g – From the Fridge,4.0,5.0,1.0,Dairy (Reduced Fat),0.5221587419509888,dip
Deli & Chilled,666347,Woolworths Antipasto Varieties 110-135g – From the Deli,6.5,7.5,1.0,Grains (Wholegrain),0.5106614828109741,antipasto
Deli & Chilled,312793,South Cape Cream Cheese Varieties 200g – From the Deli,5.9,12.4,6.5,Dairy (Reduced Fat),0.6684696078300476,cream cheese
Deli & Chilled,6008517,Hans Mild Twiggy Sticks 500g – From the Deli,11.0,16.0,5.0,Lean Meat & Alternatives,0.48247772455215454,beef stick
Deli & Chilled,744023,D’Orsogna Deli Fresh 80-100g – From the Fridge,3.0,4.2,1.2,Lean Meat & Alternatives,0.548782467842102,"i apologize, but i cannot extract a main food ingredient from the given product name. the text"
Deli & Chilled,67487,Don Italian Style Salami – From the Deli – Sliced or Shaved,32.5,36.5,4.0,Lean Meat & Alternatives,0.5733020901679993,salami
Deli & Chilled,6576,King Island Brie or Camembert Varieties 175-200g – From the Deli,9.9,14.9,5.0,Dairy (Reduced Fat),0.5860826969146729,brie camembert
Deli & Chilled,302096,Mersey Valley Cheddar Varieties 180g – From the Deli,6.2,8.7,2.5,Dairy (Reduced Fat),0.5832950472831726,cheddar cheese
Deli & Chilled,64116,Don Salami Varieties 200g – From the Deli,6.3,7.0,0.7,Lean Meat & Alternatives,0.5760179162025452,salami
Deli & Chilled,294972,Tibaldi Ham off the Bone 500g – From the Fridge,13.7,16.0,2.3,Lean Meat & Alternatives,0.576471209526062,ham
Deli & Chilled,452083,Woolworths Fetta Varieties 200g – From the Fridge,3.2,6.7,3.5,Dairy (Reduced Fat),0.5208161473274231,fetta
Deli & Chilled,105609,Woolworths Sour Cream 300ml – From the Fridge,3.3,6.699999999999999,3.4,Dairy (Reduced Fat),0.696597695350647,cream
Deli & Chilled,491820,Hillview Tasty Shredded Cheese 700g – From the Fridge,9.5,19.5,10.0,Dairy (Reduced Fat),0.6915547847747803,cheese
Deli & Chilled,509865,Woolworths Short Cut Bacon 200g – From the Fridge,4.0,8.4,4.4,Lean Meat & Alternatives,0.5928651094436646,bacon
Deli & Chilled,666237,Chicken Sandwich Schnitzels – From the Deli,1.4,2.8,1.4,Lean Meat & Alternatives,0.6908120512962341,chicken
Deli & Chilled,,Woolworths x Zeus Street Greek Hot Roast Chicken – From the Deli,14.5,14.5,0.0,Lean Meat & Alternatives,0.6235467791557312,chicken
Deli & Chilled,936528,D’Orsogna Premium Australian Ham off the Bone – Sliced or Shaved – From the Deli,29.0,35.0,6.0,Lean Meat & Alternatives,0.6098618507385254,ham
Deli & Chilled,10634,Latina Fresh Filled Pasta Varieties 375g – From the Fridge,6.5,8.0,1.5,Grains (Wholegrain),0.6134629249572754,pasta
Deli & Chilled,159266,National Pies Varieties 360g Pk 2 – From the Fridge,6.8,8.5,1.7,Lean Meat & Alternatives,0.5952306985855103,pie
Deli & Chilled,199215,D’Orsogna Chorizo – From the Deli,13.0,26.0,13.0,Lean Meat & Alternatives,0.6025249361991882,chorizo
Deli & Chilled,714680,Middle Bacon Rashers – From the Deli,13.0,19.0,6.0,Lean Meat & Alternatives,0.6019850373268127,bacon
Deli & Chilled,60974,My Muscle Chef Varieties 300-450g – From the Fridge,9.95,11.95,2.0,Lean Meat & Alternatives,0.5883280634880066,"i apologize, but i cannot extract a main food ingredient from this product name. ""my"
Deli & Chilled,6002881,Farmers Union Gut Good Yogurt 160g,1.6,2.7,1.1,Dairy (Reduced Fat),0.6638365387916565,greek yogurt
Deli & Chilled,122681,Dairy Farmers Yoghurt 4 x 110g,3.3,5.5,2.2,Dairy (Reduced Fat),0.7832831740379333,yogurt
Deli & Chilled,387461,Yoplait YOP Yoghurt Pouch 130g,6.5,10.0,3.5,Dairy (Reduced Fat),0.5596158504486084,yogurt
Deli & Chilled,41421,Devondale Butter Block 500g,7.5,8.5,1.0,Dairy (Reduced Fat),0.6899839639663696,butter
Deli & Chilled,926531,Chobani Greek Yogurt Pouch 140g,1.85,2.7,0.85,Dairy (Reduced Fat),0.6905311942100525,greek yogurt
Deli & Chilled,40709,"Bega Block, Grated or Sliced Cheese 250g – Excludes Lactose Free",6.0,7.5,1.5,Dairy (Reduced Fat),0.728648841381073,cheese
Deli & Chilled,663177,Farmers Union Greek Yogurt Pouches 130g – From the Fridge,8.5,12.5,4.0,Dairy (Reduced Fat),0.6224384903907776,greek yogurt
Deli & Chilled,105785,YoPRO Perform High Protein Yoghurt Pouch 175g – From the Fridge,2.95,3.7,0.75,Dairy (Reduced Fat),0.6169594526290894,yogurt
Deli & Chilled,266707,Gippsland Dairy Twist Yogurt 700g – From the Fridge,6.3,7.9,1.6,Dairy (Reduced Fat),0.7398207783699036,yogurt
Desserts,605303,Woolworths Chocolate Sponge Pudding 500g,8.0,8.0,0.0,Discretionary,0.7086731195449829,chocolate sponge
Drinks,724514,Cocobella Coconut Water 1 Litre,2.75,5.5,2.75,Dairy (Reduced Fat),0.5749788284301758,coconut water
Drinks,116784,Woolworths Spring Water 24 x 600ml,8.0,17.5,9.5,Dairy (Reduced Fat),0.4038485288619995,water
Drinks,42605,"Coca-Cola Classic, Zero Sugar or Diet Soft Drink Varieties 24 x 375ml",24.75,41.25,16.5,Dairy (Reduced Fat),0.6363549828529358,cola
Drinks,174914,Moccona Coffee Sachets Pk 8-10,3.95,7.9,3.95,Discretionary,0.551181972026825,coffee
Drinks,249137,Dare Iced Coffee 500ml – From the Fridge,2.95,4.25,1.3,Dairy (Reduced Fat),0.5416949987411499,coffee
Drinks,140090,Kirks Soft Drink Varieties 1.25 Litre,1.42,2.8499999999999996,1.43,Dairy (Reduced Fat),0.5467103719711304,soft drink
Drinks,313019,Coca-Cola Classic or Zero Sugar Soft Drink Varieties 12 x 300ml,10.0,20.0,10.0,Dairy (Reduced Fat),0.611875057220459,cola
Drinks,365190,Powerade Drink Flo Cap or Active Water 600ml,2.2,4.4,2.2,Dairy (Reduced Fat),0.45076924562454224,water
Drinks,305224,Lipton Ice Tea 1.5 Litre,2.75,5.5,2.75,Dairy (Reduced Fat),0.5640076398849487,tea
Drinks,391861,Remedy Kombucha 750ml,4.9,7.5,2.6,Discretionary,0.39045000076293945,kombucha
Drinks,56238,Nudie Nothing But Tropical Brekkie 2 Litre,7.6,8.5,0.9,Fruit,0.3762902319431305,yogurt
Drinks,727161,Oak Flavoured Milk 750ml – From the Fridge,3.9,5.2,1.3,Dairy (Reduced Fat),0.6653000116348267,milk
Drinks,387417,Cocobella Fusions 400ml – From the Fridge,2.9,6.4,3.5,Dairy (Reduced Fat),0.4588472843170166,coconut
Drinks,253828,"Schweppes Soft Drink, Mineral Water or Mixer Varieties 4 x 300ml",3.75,7.5,3.75,Dairy (Reduced Fat),0.6001982688903809,water
Drinks,243760,"Coca-Cola Classic, Zero Sugar or Diet Soft Drink Varieties 6 x 250ml",6.0,10.0,4.0,Dairy (Reduced Fat),0.6363549828529358,cola
Drinks,6033651,"Pepsi, Solo, Mountain Dew or Schweppes Lemonade Soft Drink Varieties 10 x 375ml",9.5,19.0,9.5,Discretionary,0.6105078458786011,lemonade
Drinks,189114,Schweppes Mineral Water Varieties 10 x 375ml,9.5,19.0,9.5,Dairy (Reduced Fat),0.5136060118675232,water
Drinks,6033527,"Pepsi Max, Schweppes Lemonade or Solo Soft Drink Varieties 12 x 250ml",9.9,16.5,6.6,Discretionary,0.5970526337623596,soft drink
Drinks,773129,Pepsi or Pepsi Max Soft Drink Cans 30 x 375ml,25.0,53.0,28.0,Dairy (Reduced Fat),0.5315001606941223,cola
Drinks,744490,So Good Original or Unsweetened Almond Milk 1 Litre,2.0,3.0,1.0,Dairy (Reduced Fat),0.7467852830886841,almond milk
Drinks,190448,Boring Oat Milk 1 Litre,3.3,5.5,2.2,Dairy (Reduced Fat),0.6871244311332703,oat milk
Drinks,6025801,Before You Speak Coffee Sachets Pk 10,4.0,8.0,4.0,Dairy (Reduced Fat),0.44570261240005493,coffee
Drinks,6024847,Robert Timms Coffee Bags Pk 24,9.0,13.0,4.0,Dairy (Reduced Fat),0.47969064116477966,coffee
Drinks,35681,Moccona Freeze Dried Classic Coffee 200g,16.5,23.6,7.1,Dairy (Reduced Fat),0.623477578163147,coffee
Drinks,6023393,Coffex Coffee Beans 500g,16.5,24.0,7.5,Vegetables & Legumes,0.6239567399024963,coffee bean
Drinks,35694,Nescafé Blend 43 Coffee 500g,22.0,32.0,10.0,Dairy (Reduced Fat),0.5411593317985535,coffee
Drinks,875162,Nestlé Milo 395g or Milo 460g,7.5,10.75,3.25,Discretionary,0.43221473693847656,milo
Drinks,23088,Sanitarium UP&GO Liquid Breakfast Drink 3 x 250ml,4.9,7.0,2.1,Discretionary,0.6042118072509766,milk
Drinks,32673,"Pepsi, Solo, Sunkist or Mountain Dew Soft Drink Varieties 1.25 Litre",1.75,3.5,1.75,Fruit,0.5619255900382996,soft drink
Drinks,911076,Celsius Energy Drink 330ml,2.8,4.0,1.2,Dairy (Reduced Fat),0.39999791979789734,energy drink
Drinks,264490,V Energy Drink 4 x 250ml,7.0,11.75,4.75,Dairy (Reduced Fat),0.44356709718704224,energy drink
Frozen Food,767652,Ingham’s Turkey Easy Carve Buffe^ – From the Freezer,9.5,9.5,0.0,Lean Meat & Alternatives,0.5631767511367798,turkey
Frozen Food,89785,Ingham’s Traditional Turkey Thigh Roast 1 kg – From the Freezer,13.0,13.0,0.0,Lean Meat & Alternatives,0.6507287621498108,turkey
Frozen Food,41929,Ingham’s Traditional Turkey Breast Roast 2 kg – From the Freezer,30.0,30.0,0.0,Lean Meat & Alternatives,0.6717102527618408,turkey
Frozen Food,839429,Birds Eye Deli Roast Potatoes 600g – From the Freezer,3.7,6.2,2.5,Lean Meat & Alternatives,0.7283926010131836,potato
Frozen Food,6005942,Birds Eye Deli Seasoned Sides 500-600g – From the Freezer,4.2,7.0,2.8,Lean Meat & Alternatives,0.6243611574172974,no ingredient specified in the product name. the product appears to be a generic frozen side dish without a
Frozen Food,62863,Ingham’s Three Bird Roast with Cranberry Orange Stuffing & Bacon Lattice 1.5 kg – From the Freezer,35.0,35.0,0.0,Lean Meat & Alternatives,0.7074512839317322,bird
Frozen Food,,McCain Peas 2 kg – From the Freezer,11.0,11.0,0.0,Lean Meat & Alternatives,0.5656222701072693,pea
Frozen Food,18366,Woolworths Puff Pastry 1 kg Pk 6 – From the Freezer,3.8,7.8,4.0,Dairy (Reduced Fat),0.5723970532417297,pastry
Frozen Food,621329,Woolworths Party Sausage Rolls 900g Pk 24 – From the Freezer,8.6,17.6,9.0,Lean Meat & Alternatives,0.5953637361526489,sausage roll
Frozen Food,621328,Woolworths Party Pies 1.1 kg Pk 24 – From the Freezer,8.7,17.7,9.0,Lean Meat & Alternatives,0.5078496336936951,beef pie
Frozen Food,792233,Woolworths Ice Cream Cones 475ml Pk 4,3.7,8.45,4.75,Dairy (Reduced Fat),0.6920585036277771,ice cream
Frozen Food,888492,Woolworths Straight Cut Peri Peri Chips 600g – From the Freezer,4.4,9.4,5.0,Lean Meat & Alternatives,0.5068990588188171,potato
Frozen Food,132259,Woolworths Crumbed Chicken Breast Nuggets 1 kg – From the Freezer,9.0,19.0,10.0,Lean Meat & Alternatives,0.6576973795890808,chicken
Frozen Food,969895,"Ingham’s Chicken Nuggets, Tenders or Dino Nuggets 1.5 kg – From the Freezer",15.0,31.5,16.5,Lean Meat & Alternatives,0.6310495138168335,chicken
Frozen Food,972463,Zeus Spanakopita Spinach & Cheese 800g – From the Freezer,9.0,10.0,1.0,Dairy (Reduced Fat),0.7189024686813354,spinach cheese
Frozen Food,279782,Peters Maxibon 560ml Pk 4,6.9,11.5,4.6,Lean Meat & Alternatives,0.5279853343963623,ice cream
Frozen Food,122672,Cadbury Ice Cream Bars or Sticks 300-360ml Pk 4-6,6.0,12.0,6.0,Dairy (Reduced Fat),0.7016130089759827,ice cream
Frozen Food,919551,Cadbury Choc Tops or Oreo Cookie Tops Ice Cream Cones 400ml Pk 4,6.25,12.5,6.25,Dairy (Reduced Fat),0.7295145988464355,ice cream
Frozen Food,973134,Connoisseur Ice Cream Sticks 360-400ml Pk 4-6,7.9,12.0,4.1,Dairy (Reduced Fat),0.706984281539917,ice cream
Frozen Food,752346,Birds Eye Deli Potato Chips 600g – Excludes Birds Eye Deli Sweet Potato Chips 600g,3.7,6.2,2.5,Lean Meat & Alternatives,0.6956455707550049,potato
Frozen Food,6025802,Birds Eye Deli Cheesy Bakes 600g,5.1,8.5,3.4,Lean Meat & Alternatives,0.6536932587623596,chicken
Frozen Food,6007291,Birds Eye Deli Seasoned Sides 500-600g,4.2,7.0,2.8,Lean Meat & Alternatives,0.6545016169548035,vegetable
Frozen Food,575573,Woolworths Bite Size Variety Packs 200-360g,15.0,17.4,2.4,Lean Meat & Alternatives,0.5534499883651733,bite size variety packs does not clearly indicate a specific food ingredient. without more context
Frozen Food,705420,Dr. Oetker Ristorante Pizza 310-390g – Excludes Dr. Oetker Gluten Free Pizza 370g,7.0,9.5,2.5,Grains (Wholegrain),0.5078958868980408,pizza
Frozen Food,296709,On The Menu Meals 400g,4.8,6.0,1.2,Lean Meat & Alternatives,0.5973080396652222,"unable to definitively determine the main ingredient from the given product name. the name ""on the menu"
Frozen Food,107630,Mr Chen’s Yum Cha Varieties 240-300g,5.0,8.5,3.5,Dairy (Reduced Fat),0.5166840553283691,yum cha
Frozen Food,329998,Herbert Adams Pies 400-420g Pk 2,6.9,10.0,3.1,Lean Meat & Alternatives,0.5532702207565308,beef pie
Frozen Food,140646,Bulla Everyday or Variety Multipacks 472-750ml Pk 8-14,5.0,10.0,5.0,Lean Meat & Alternatives,0.4899767339229584,yogurt
Frozen Food,260900,McCain Pub Style Chips or Wedges 750g – From the Freezer,4.8,6.0,1.2,Lean Meat & Alternatives,0.5840489268302917,potato
Frozen Food,54002,McCain Pub Size Meals 480-500g – From the Freezer,7.5,9.5,2.0,Lean Meat & Alternatives,0.5495914816856384,"unable to determine the exact main ingredient from the product name. the name ""mccain pub size"
Fruit & Vegetables,143168,Australian R2E2 Mangoes,3.0,3.0,0.0,Fruit,0.7297056913375854,mango
Fruit & Vegetables,521590,Australian Cherries 300g Pack,6.5,6.5,0.0,Fruit,0.7329666614532471,cherry
Fruit & Vegetables,115330,Australian Packham Pears,3.5,3.5,0.0,Vegetables & Legumes,0.6638584136962891,pear
Fruit & Vegetables,80815,Australian Blackberries 170g Punnet,4.0,4.0,0.0,Fruit,0.7339738607406616,blackberry
Fruit & Vegetables,594774,Australian Avocados Pk 5,4.5,4.5,0.0,Vegetables & Legumes,0.7217764258384705,avocado
Fruit & Vegetables,267084,Gold Kiwifruit – Product of New Zealand,9.2,9.2,0.0,Fruit,0.6153106093406677,kiwifruit
Fruit & Vegetables,893958,Australian Odd Bunch Mangoes Pk 4,6.0,6.0,0.0,Vegetables & Legumes,0.7003080248832703,mango
Fruit & Vegetables,187314,"Woolworths Broccolini® Bunch, Truss Tomatoes 500g Pack, Cos Lettuce Hearts Pk 2, Mixed Leaf Salad 200g Pack, Whole Fresh Beetroot 250g Pack, Spring Onion Bunch, Radish Bunch, Fresh Coriander Bunch or Fresh Basil Bunch",5.0,5.0,0.0,Vegetables & Legumes,0.8082638382911682,the main ingredient depends on which specific item you're referring to in the product list. here are the
Fruit & Vegetables,137102,Australian Continental Cucumber,1.0,1.0,0.0,Vegetables & Legumes,0.7074500918388367,cucumber
Fruit & Vegetables,149963,Australian Cup or Sliced Mushrooms 500g Pack,5.0,5.0,0.0,Vegetables & Legumes,0.7196738123893738,mushroom
Fruit & Vegetables,169067,Australian Qukes® Baby Cucumbers 250g Pack,3.0,6.9,3.9,Vegetables & Legumes,0.7096982598304749,cucumber
Fruit & Vegetables,727144,Australian Sweet Solanato® Tomatoes 200g Punnet,3.0,3.0,0.0,Fruit,0.7478837966918945,tomato
Fruit & Vegetables,259514,Australian Loose Lemons,7.9,7.9,0.0,Fruit,0.6921913623809814,lemon
Fruit & Vegetables,839429,Birds Eye Deli Roast Potatoes 600g – From the Freezer,3.7,6.2,2.5,Lean Meat & Alternatives,0.7503983378410339,potato
Fruit & Vegetables,6005942,Birds Eye Deli Seasoned Sides 500-600g – From the Freezer,4.2,7.0,2.8,Lean Meat & Alternatives,0.6684762835502625,there is no clear specific food ingredient mentioned in this product name. the description suggests a frozen side dish
Fruit & Vegetables,6036189,Woolworths Chilli Lime Salad Kit 350g Pack,5.0,5.5,0.5,Vegetables & Legumes,0.7497711777687073,salad
Fruit & Vegetables,,McCain Peas 2 kg – From the Freezer,11.0,11.0,0.0,Vegetables & Legumes,0.7085793018341064,pea
Fruit & Vegetables,730118,Mulgowie Green Beans Cleaned & Cut 340g Pack,5.3,5.3,0.0,Vegetables & Legumes,0.7727824449539185,green bean
Fruit & Vegetables,703808,Woolworths Beetroot & Fetta Salad Kit 270g Pack,6.5,6.5,0.0,Vegetables & Legumes,0.7223501801490784,beetroot
Health & Wellbeing,6036022,Little Urchin SPF 50+ Face Natural Clear Zinc Sunscreen 50g~,12.5,25.0,12.5,Dairy (Reduced Fat),0.32213008403778076,zinc
Health & Wellbeing,,Game Face Pro SPF 50 Natural Organic Mineral Sunscreen 100g~,12.5,25.0,12.5,Dairy (Reduced Fat),0.3529037535190582,"there are no food ingredients in this product name. this is a sunscreen, not a food item"
Health & Wellbeing,237431,DermaVeen SPF 50+ Sensitive Sun Sunscreen 250g~,15.0,30.0,15.0,Dairy (Reduced Fat),0.2219943255186081,"not applicable. this is a sunscreen product, not a food item. sunscreen does not"
Health & Wellbeing,111614,Hawaiian Tropic SPF 50+ Island Sport Sunscreen Lotion 180ml~,11.0,22.0,11.0,Dairy (Reduced Fat),0.2858019769191742,"there is no food ingredient in this product. this is a sunscreen, not a food item."
Health & Wellbeing,698740,Hawaiian Tropic SPF 50+ Silk Hydration Sunscreen Lotion 180ml~,11.0,22.0,11.0,Dairy (Reduced Fat),0.33883070945739746,there is no food ingredient in this product. this is a sunscreen product from hawaiian tropic
Health & Wellbeing,698571,Hawaiian Tropic SPF 50+ Silk Hydration Sunscreen Spray 175g~,12.0,24.0,12.0,Dairy (Reduced Fat),0.3353090286254883,"not a food product. this is a sunscreen item, so there is no main food ingredient to"
Health & Wellbeing,22207,Aerogard Tropical Strength Insect Repellent Roll-On 50ml,6.3,9.0,2.7,Fruit,0.2146458625793457,"this product appears to be an insect repellent, not a food item, so there is"
Health & Wellbeing,267449,Aerogard Odourless Protection Insect Repellent Spray 175ml,8.4,12.0,3.6,Dairy (Reduced Fat),0.17335212230682373,this is not a food product. aerogard is an insect repellent spray use
Health & Wellbeing,6040604,Aerogard Home Flying Insect UV Light Trap Pk 1,21.0,30.0,9.0,Lean Meat & Alternatives,0.25695928931236267,"this product is not a food item. it is an insect trap, so there is no main"
Health & Wellbeing,729772,OFF! Tropical Strength Insect Repellent Spray 175ml,7.6,10.899999999999999,3.3,Fruit,0.29571619629859924,"this is an insect repellent spray, not a food product. there is no main foo"
Health & Wellbeing,710919,RiD Tropical Insect Repellent Spray 100ml,6.65,9.5,2.85,Fruit,0.26368123292922974,"there is no food ingredient in this product name. this is an insect repellent spray,"
Health & Wellbeing,973273,Nat Pat BuzzPatch Mosquito Repellent Stickers Pk 16,10.15,14.5,4.35,Lean Meat & Alternatives,0.20584872364997864,"this product is not a food item. it is a mosquito repellent sticker, so"
Health & Wellbeing,724069,TOM Organic Pads Ultra Thin Pk 10,5.4,6.800000000000001,1.4,Dairy (Reduced Fat),0.3556918799877167,"no food ingredient. this is a personal hygiene product (menstrual pad), not a foo"
Health & Wellbeing,377097,TOM Organic Tampons Pk 16~,5.4,6.800000000000001,1.4,Dairy (Reduced Fat),0.29792076349258423,"this is not a food product - it's a personal hygiene/medical product (tampons),"
Health & Wellbeing,839570,TOM Organic Ultra Thin Liners Pk 26,5.4,6.800000000000001,1.4,Dairy (Reduced Fat),0.36392921209335327,there is no food ingredient in this product name. this appears to be a feminine hygiene product (
Health & Wellbeing,906364,TOM Organic Ultra Thin Overnight Pads Pk 8,6.0,7.5,1.5,Dairy (Reduced Fat),0.35761722922325134,there is no food ingredient in this product. this is a feminine hygiene product (menstrual
Health & Wellbeing,299406,TOM Organic The Period Brief Bikini Pk 1,15.8,19.8,4.0,Lean Meat & Alternatives,0.25859335064888,this product is not a food item. it appears to be a period/menstrual underwear
Health & Wellbeing,196744,TOM Organic The Period Cup Pk 1~,36.9,46.2,9.3,Dairy (Reduced Fat),0.33615243434906006,"there is no food ingredient in this product. this appears to be a menstrual cup, which"
Health & Wellbeing,6008633,Hismile Lip Balm Gummy Bear 10g,7.5,15.0,7.5,Dairy (Reduced Fat),0.3089776933193207,gummy bear
Health & Wellbeing,360600,Nature’s Way Kids Smart Vita Gummies Multi-Vitamin Plus Pk 60~,9.0,18.0,9.0,Dairy (Reduced Fat),0.23449841141700745,gummy
Health & Wellbeing,826885,Nature’s Way Adult Vita Gummies Women’s Multivitamin Pk 100~,14.0,28.0,14.0,Dairy (Reduced Fat),0.22267693281173706,gummy
Health & Wellbeing,711536,Nature’s Way Adult Vita Gummies Vitamin C Pk 120~,14.0,28.0,14.0,Dairy (Reduced Fat),0.28586095571517944,vitamin c
Health & Wellbeing,6028084,Nature’s Way Adult Vita Gummies Metabolism + Energy Pk 70~,16.0,32.0,16.0,Lean Meat & Alternatives,0.21661949157714844,the main ingredient is not obvious from this product name. these appear to be vitamin/supplement gummies
Health & Wellbeing,57344,Nature’s Way Kids Smart Vita Gummies Omega-3 DHA Fish Oil Pk 120~,17.5,35.0,17.5,Lean Meat & Alternatives,0.42823368310928345,fish oil
Health & Wellbeing,913328,Nature’s Way Beauty Collagen Oral Shots Pk 10 x 50ml~,19.0,38.0,19.0,Dairy (Reduced Fat),0.22071921825408936,collagen
Health & Wellbeing,6029857,Nature’s Way Adult Vita Gummies Magnesium Pk 120~,21.0,42.0,21.0,Dairy (Reduced Fat),0.2433321326971054,magnesium
Health & Wellbeing,6028061,Nature’s Way Kids Smart Vita Gummies Multi-Vitamin Plus Pk 170~,21.0,42.0,21.0,Dairy (Reduced Fat),0.23449841141700745,gummy
Health & Wellbeing,6028178,Nature’s Way Kids Smart Vita Gummies Vitamin C + Zinc Pk 170~,21.0,42.0,21.0,Dairy (Reduced Fat),0.3121581971645355,the product name does not indicate a specific food ingredient. this appears to be a vitamin supplement gummy
Health & Wellbeing,6027804,Nature’s Way Adult Vita Gummies Multivitamin Pk 180~,21.0,42.0,21.0,Dairy (Reduced Fat),0.22267693281173706,"not applicable (no food ingredient)

this is a vitamin supplement gummies product, not a foo"
Health & Wellbeing,6028327,Nature’s Way Wild Caught Fish Oil 1000mg Soft Capsules Pk 250~,22.0,44.0,22.0,Lean Meat & Alternatives,0.5350221395492554,fish oil
Health & Wellbeing,155581,Nature’s Way Magnesium + Turmeric Tablets Pk 150~,22.0,44.0,22.0,Dairy (Reduced Fat),0.31178924441337585,turmeric
Health & Wellbeing,674983,Voost Magnesium Effervescent Tablets Pk 20~,5.5,11.0,5.5,Dairy (Reduced Fat),0.2508696913719177,magnesium
Health & Wellbeing,,Voost Collagen Effervescent Tablets Pk 20~,5.5,11.0,5.5,Dairy (Reduced Fat),0.27576011419296265,collagen
Health & Wellbeing,787247,Caltrate Bone & Muscle Health Tablets Pk 100~,10.5,21.0,10.5,Lean Meat & Alternatives,0.26578620076179504,there is no food ingredient in this product. caltrate is a calcium supplement tablet for bone
Health & Wellbeing,780010,Centrum For Men 50+ Tablets Pk 60~,11.25,22.5,11.25,Dairy (Reduced Fat),0.16032713651657104,there is no food ingredient in this product name. this is a vitamin/supplement product for men over
Health & Wellbeing,780021,Centrum For Women 50+ Tablets Pk 60~,11.25,22.5,11.25,Dairy (Reduced Fat),0.17520712316036224,there is no food ingredient in this product name. this is a vitamin/supplement for women over
Health & Wellbeing,702125,Centrum Advance 50+ Tablets Pk 120~,13.5,27.0,13.5,Dairy (Reduced Fat),0.15933674573898315,"there is no food ingredient in this product name. this appears to be a vitamin/supplement product,"
Health & Wellbeing,905684,Berocca Immune Daily Defence Effervescent Tablets Pk 45~,13.0,26.0,13.0,Dairy (Reduced Fat),0.16772407293319702,there is no food ingredient in this product name. berocca is a vitamin and mineral supplement
Health & Wellbeing,827373,Berocca Vitamin B & C Energy Effervescent Tablets Pk 45~,13.0,26.0,13.0,Dairy (Reduced Fat),0.28498122096061707,"there is no main food ingredient in this product. berocca is a vitamin supplement tablet,"
Health & Wellbeing,262094,Berocca Berry Flavour Energy Effervescent Tablets Pk 45~,13.0,26.0,13.0,Dairy (Reduced Fat),0.3452174663543701,berry
Health & Wellbeing,228515,Berocca Orange Flavour Energy Effervescent Tablets Pk 45~,13.0,26.0,13.0,Fruit,0.36944580078125,orange
Health & Wellbeing,243774,Swisse Ultiboost Vitamin D Capsules Pk 400~,19.75,39.5,19.75,Dairy (Reduced Fat),0.2823505103588104,vitamin d
Health & Wellbeing,909272,Vital All-In-One Daily Health Supplement Powder 240g~,29.5,59.0,29.5,Dairy (Reduced Fat),0.27555808424949646,supplement
Health & Wellbeing,85594,Cenovis Mega C 1000mg Chewable Tablets Pk 100~,9.25,18.5,9.25,Discretionary,0.2207995355129242,there is no food ingredient in this product name. this appears to be a vitamin/supplement product (
Health & Wellbeing,6029149,Cenovis Sugarless C 500mg Chewable Tablets Pk 320~,13.0,26.0,13.0,Discretionary,0.2720366418361664,"there is no food ingredient in this product name. this appears to be a vitamin c supplement tablet,"
Health & Wellbeing,324630,Cenovis Magnesium Tablets Pk 200~,14.25,28.5,14.25,Dairy (Reduced Fat),0.22142712771892548,magnesium
Health & Wellbeing,205300,Nature’s Own Vitamin B12 1000mcg Tablets Pk 60~,9.75,19.5,9.75,Dairy (Reduced Fat),0.2862815260887146,"the product you provided is a vitamin supplement, not a food item. there is no main food ingredient"
Health & Wellbeing,155345,Nature’s Own Glucosamine Sulfate with Chondroitin Tablets Pk 200~,18.0,36.0,18.0,Dairy (Reduced Fat),0.2551765739917755,glucosamine
Health & Wellbeing,6029044,Nature’s Own Magnesium Glycinate 1150mg Tablets Pk 200~,28.0,56.0,28.0,Dairy (Reduced Fat),0.22908717393875122,magnesium
Health & Wellbeing,905823,Magzorb Magnesium Glycinate Tablets Pk 100~,16.5,33.0,16.5,Dairy (Reduced Fat),0.22142712771892548,magnesium
Health & Wellbeing,305607,Magzorb Magnesium Glycinate 1000mg Powder 240g~,17.5,35.0,17.5,Dairy (Reduced Fat),0.3506011664867401,magnesium
Health & Wellbeing,91654,Renovatio Activated Phenolics Powder 150g~,17.5,35.0,17.5,Dairy (Reduced Fat),0.2935933768749237,phenolics
Health & Wellbeing,751016,Ostelin Calcium & Vitamin D3 Chewable Tablets Pk 60~,9.25,18.5,9.25,Dairy (Reduced Fat),0.31402328610420227,calcium
Health & Wellbeing,963680,Ostelin Vitamin D3 1000IU Capsules Pk 250~,24.5,49.0,24.5,Dairy (Reduced Fat),0.2823505103588104,vitamin d
Health & Wellbeing,907484,Frank Simple. Greens Vital Daily Nutrients Mango & Papaya Powder 450g~,30.0,60.0,30.0,Fruit,0.5467853546142578,mango papaya
Health & Wellbeing,6022646,Little Swisse Iron + Vit C Gummies Pk 40~,14.75,29.5,14.75,Dairy (Reduced Fat),0.2593965232372284,gummy
Health & Wellbeing,6022564,Little Swisse Vitamin C + Zinc Gummies Pk 40~,14.75,29.5,14.75,Dairy (Reduced Fat),0.32966455817222595,gummy
Health & Wellbeing,6022583,Little Swisse Sleep Gummies Pk 50~,14.75,29.5,14.75,Dairy (Reduced Fat),0.19958248734474182,gummy
Health & Wellbeing,6022512,Little Swisse Multivitamin Gummies Pk 100~,24.75,49.5,24.75,Dairy (Reduced Fat),0.24071599543094635,gummy
Health & Wellbeing,6022554,Little Swisse Sleep Gummies Pk 100~,24.75,49.5,24.75,Dairy (Reduced Fat),0.19958248734474182,gummy
Health & Wellbeing,6022621,Little Swisse Prebiotic + Probiotic Gummies Pk 100~,24.75,49.5,24.75,Dairy (Reduced Fat),0.2570191025733948,gummie
Health & Wellbeing,805948,Swisse Ultiboost Magnesium Tablets Pk 200~,24.75,49.5,24.75,Dairy (Reduced Fat),0.22142712771892548,magnesium
Health & Wellbeing,192702,Blackmores Executive B Tablets Pk 125~,20.0,40.0,20.0,Dairy (Reduced Fat),0.13871273398399353,there is no food ingredient in this product name. this appears to be a vitamin/supplement product (
Health & Wellbeing,828148,Blackmores Odourless Fish Oil 1000mg Capsules Pk 200~,20.0,40.0,20.0,Lean Meat & Alternatives,0.39116615056991577,fish oil
Health & Wellbeing,771770,Blackmores Bio C 1000mg Tablets Pk 150~,25.0,50.0,25.0,Dairy (Reduced Fat),0.1627444326877594,there is no specific food ingredient in this product name. this appears to be a vitamin c supplement tablet
Health & Wellbeing,572399,Blackmores Macu-Vision Tablets Pk 125~,25.0,50.0,25.0,Dairy (Reduced Fat),0.1682834029197693,the provided product is a supplement/vitamin tablet and does not appear to have a primary food ingredient.
Health & Wellbeing,828136,Blackmores Odourless Fish Oil 1000mg Capsules Pk 400~,35.0,70.0,35.0,Lean Meat & Alternatives,0.39116615056991577,fish oil
Health & Wellbeing,822383,Colgate Total Active Prevention Whitening Toothpaste 115g,3.5,7.0,3.5,Dairy (Reduced Fat),0.24919699132442474,toothpaste
Health & Wellbeing,402160,Nivea SPF 50+ Sun Protect & Moisture Sunscreen 400ml^,14.0,28.0,14.0,Dairy (Reduced Fat),0.2851640582084656,"not applicable. this is a sunscreen product, not a food item.

the input is a"
Health & Wellbeing,505442,Cancer Council Kids Sunscreen SPF50+ 500ml^,15.25,30.5,15.25,Dairy (Reduced Fat),0.21507856249809265,"not a food product. this is a sunscreen, so there is no main food ingredient to extract"
Health & Wellbeing,53450,Bushman Insect Repellent With Sunscreen 150g,9.95,14.25,4.3,Dairy (Reduced Fat),0.24138951301574707,"this product is not a food item, but an insect repellent with sunscreen. there"
Health & Wellbeing,748810,Banana Boat SPF 50+ Kids Roll On Sunscreen 75ml^,7.0,14.0,7.0,Dairy (Reduced Fat),0.38058334589004517,banana
Health & Wellbeing,793126,Banana Boat SPF 50+ Sport Sunscreen Lotion 100g^,7.5,15.0,7.5,Dairy (Reduced Fat),0.38867008686065674,banana
Health & Wellbeing,763677,Banana Boat SPF 50+ Sensitive Sunscreen Lotion 200g^,11.0,22.0,11.0,Dairy (Reduced Fat),0.37720391154289246,banana
Health & Wellbeing,230100,Banana Boat SPF 50+ Dry Balance Sunscreen Lotion 200g^,11.0,22.0,11.0,Dairy (Reduced Fat),0.4444301128387451,banana
Health & Wellbeing,6030835,Banana Boat Sport Smartmist Sunscreen Spray SPF 50+ 200ml^,14.0,28.0,14.0,Dairy (Reduced Fat),0.37616950273513794,"banana boat is a sunscreen, so there is no food ingredient. the question cannot be answered with"
Health & Wellbeing,6031445,Banana Boat Kids Smartmist Sunscreen Spray SPF 50+ 200ml^,14.0,28.0,14.0,Dairy (Reduced Fat),0.38822540640830994,"there are no edible ingredients in this product. this is a sunscreen, not a food item"
Health Foods,57855,Vege Chips or Crackers Multipack 180-250g Pk 12 – From the Health Food Aisle,7.6,9.5,1.9,Lean Meat & Alternatives,0.5190098285675049,vegetable
Health Foods,600472,BSc High Protein Low Carb Bars 60g~,3.5,5.0,1.5,Lean Meat & Alternatives,0.46726465225219727,protein bar
Health Foods,215342,BSc Pure Creatine 200g~,19.6,28.0,8.4,Lean Meat & Alternatives,0.41978445649147034,creatine
Health Foods,257011,BSc High Protein Powder 800g~,38.5,55.0,16.5,Lean Meat & Alternatives,0.49480825662612915,protein powder
Jams & Spreads,142574,Queen Pure Canadian Maple Syrup 250ml,9.5,9.5,0.0,Dairy (Reduced Fat),0.5001727938652039,maple syrup
Jams & Spreads,140985,Flora ProActiv 500g – From the Fridge,6.9,10.0,3.1,Fruit,0.37893182039260864,margarine
Jams & Spreads,72253,Flora Block Salted 250g – From the Fridge,2.9,6.8,3.9,Lean Meat & Alternatives,0.4625219404697418,butter
Jams & Spreads,670114,Lotus Biscoff Spread 380-400g,5.25,7.5,2.25,Fruit,0.33063051104545593,biscoff
Meat,764979,Australian Lamb Leg Roast,14.0,17.0,3.0,Lean Meat & Alternatives,0.7427698969841003,lamb
Meat,6008517,Hans Mild Twiggy Sticks 500g – From the Deli,11.0,16.0,5.0,Lean Meat & Alternatives,0.5797921419143677,beef stick
Meat,744023,D’Orsogna Deli Fresh 80-100g – From the Fridge,3.0,4.2,1.2,Lean Meat & Alternatives,0.6728646159172058,none (there is insufficient information in the provided product name to determine a main food ingredient)
Meat,67487,Don Italian Style Salami – From the Deli – Sliced or Shaved,32.5,36.5,4.0,Lean Meat & Alternatives,0.6468123197555542,salami
Meat,64116,Don Salami Varieties 200g – From the Deli,6.3,7.0,0.7,Lean Meat & Alternatives,0.6844622492790222,salami
Meat,294972,Tibaldi Ham off the Bone 500g – From the Fridge,13.7,16.0,2.3,Lean Meat & Alternatives,0.6328299641609192,ham
Meat,170438,Woolworths Australian Half Leg Ham,8.0,8.0,0.0,Lean Meat & Alternatives,0.5740854144096375,ham
Meat,116209,Woolworths Australian Whole Leg Ham,7.49,7.49,0.0,Lean Meat & Alternatives,0.6165870428085327,ham
Meat,279755,Woolworths Australian Double Smoked Shoulder Ham,11.5,11.5,0.0,Lean Meat & Alternatives,0.6581206321716309,ham
Meat,655401,Woolworths Gold Triple Smoked Free Range Quarter Leg Ham,17.0,17.0,0.0,Lean Meat & Alternatives,0.5750601291656494,ham
Meat,55083,Ingham’s Frozen Whole Turkey^ – From the Freezer,7.9,7.9,0.0,Lean Meat & Alternatives,0.6604558229446411,turkey
Meat,767652,Ingham’s Turkey Easy Carve Buffe^ – From the Freezer,9.5,9.5,0.0,Lean Meat & Alternatives,0.6222758889198303,turkey
Meat,89785,Ingham’s Traditional Turkey Thigh Roast 1 kg – From the Freezer,13.0,13.0,0.0,Lean Meat & Alternatives,0.6885262131690979,turkey
Meat,41929,Ingham’s Traditional Turkey Breast Roast 2 kg – From the Freezer,30.0,30.0,0.0,Lean Meat & Alternatives,0.7158467173576355,turkey
Meat,62863,Ingham’s Three Bird Roast with Cranberry Orange Stuffing & Bacon Lattice 1.5 kg – From the Freezer,35.0,35.0,0.0,Lean Meat & Alternatives,0.7437126636505127,bird
Meat,826675,Steggles Family Roast Whole Chicken – From the Meat Dept,4.5,7.0,2.5,Lean Meat & Alternatives,0.8014985918998718,chicken
Meat,372725,Australian Pork Belly Roast,16.0,18.0,2.0,Lean Meat & Alternatives,0.8175769448280334,pork belly
Meat,509865,Woolworths Short Cut Bacon 200g – From the Fridge,4.0,8.4,4.4,Lean Meat & Alternatives,0.6564777493476868,bacon
Meat,6022451,Macro Australian Grass Fed Beef Rump Medallions 350g,16.0,19.0,3.0,Lean Meat & Alternatives,0.6637967824935913,beef
Meat,666237,Chicken Sandwich Schnitzels – From the Deli,1.4,2.8,1.4,Lean Meat & Alternatives,0.794211745262146,chicken
Meat,901703,Woolworths Australian Angus Beef Burgers 454g Pk 4,8.0,9.0,1.0,Lean Meat & Alternatives,0.689145565032959,beef burger
Meat,114713,Australian Fresh RSPCA Approved Chicken Drumsticks Bulk Pack,4.3,4.8,0.5,Lean Meat & Alternatives,0.7284833788871765,chicken drumstick
Meat,907871,Woolworths Marinated Kebabs with RSPCA Approved Chicken 375g Pk 6,7.0,8.0,1.0,Lean Meat & Alternatives,0.7430845499038696,chicken
Meat,,Australian Pork Scotch Fillet Steak 600g,10.0,12.0,2.0,Lean Meat & Alternatives,0.8145506381988525,pork
Meat,6024925,Woolworths COOK Pork Fillet with Smoked Garlic & Black Pepper,20.0,23.0,3.0,Lean Meat & Alternatives,0.8178530931472778,pork fillet
Meat,6027932,Woolworths BBQ Korean Style Asado Beef Ribs with Sweet Gochujang Chilli Drizzle,25.0,30.0,5.0,Lean Meat & Alternatives,0.700729250907898,beef rib
Meat,83172,Woolworths COOK RSPCA Approved Chicken Roasting Portions Italian Style,7.0,16.0,9.0,Lean Meat & Alternatives,0.7381652593612671,chicken
Meat,700228,Macro Free Range Australian Fresh RSPCA Approved Chicken Breast Fillets Skinless Bulk Tray,13.5,28.5,15.0,Lean Meat & Alternatives,0.7528561353683472,chicken breast
Meat,936528,D’Orsogna Premium Australian Ham off the Bone – Sliced or Shaved – From the Deli,29.0,35.0,6.0,Lean Meat & Alternatives,0.6517406702041626,ham
Meat,199215,D’Orsogna Chorizo – From the Deli,13.0,26.0,13.0,Lean Meat & Alternatives,0.7448819279670715,chorizo
Meat,714680,Middle Bacon Rashers – From the Deli,13.0,19.0,6.0,Lean Meat & Alternatives,0.7129988074302673,bacon
Meat,6024489,Woolworths BBQ Lamb Koftas Honey & Mint 450g,15.0,17.0,2.0,Lean Meat & Alternatives,0.707485556602478,lamb kofta
"Papergoods, Wraps & Bags",574728,Quilton Tuffy White 4 Ply Paper Towel Pk 3,3.5,5.0,1.5,Grains (Wholegrain),0.412465900182724,paper towel
"Papergoods, Wraps & Bags",579597,"Quilton King Size, Shea Butter or Coconut Oil Toilet Tissue Pk 6",4.0,5.8,1.8,Dairy (Reduced Fat),0.6275802850723267,shea butter
"Papergoods, Wraps & Bags",785118,Sorbent 3 Ply Soft & Strong Toilet Paper Pk 20,10.0,20.9,10.9,Grains (Wholegrain),0.4233114719390869,"there is no food ingredient in this product. this is toilet paper, which is a paper product,"
Seafood,46119,Thawed Extra Large Cooked Australian Tiger Prawns,28.0,39.0,11.0,Lean Meat & Alternatives,0.7127971053123474,prawn
Seafood,263311,JC Seafood Jumbo Cooked Prawn Cutlets 240g,12.0,14.0,2.0,Lean Meat & Alternatives,0.7428213953971863,prawn
Seafood,96995,Thawed Large Australian Green Banana Prawns,17.0,22.0,5.0,Lean Meat & Alternatives,0.6694480776786804,prawn
Seafood,157054,Woolworths Australian Fresh Salmon Portions Skin On 460g,17.5,37.0,19.5,Lean Meat & Alternatives,0.6976184844970703,salmon
Seafood,847118,Tassal Smoked Salmon 250g,15.0,21.0,6.0,Lean Meat & Alternatives,0.7723440527915955,salmon
Seafood,6002752,Woolworths Seafood Salad 250g,5.4,6.0,0.6,Lean Meat & Alternatives,0.6496869325637817,seafood
Seafood,691284,Birds Eye Deli Fish or Snacking Varieties 250g,6.6,11.0,4.4,Lean Meat & Alternatives,0.6928747296333313,fish
Seafood,340411,John West Tuna 95g,1.45,2.9,1.45,Lean Meat & Alternatives,0.6092913150787354,tuna
